file name,writeLatencyMin,writeLatencyMax,0.0237729549407959
Results\db_perf_25w_25r.csv,0.0237729549407959,0.025664091110229492,0.0237729549407959
