file name,writeLatencyMin,writeLatencyMax,writeLatencyMin,writeThroughput,readLatencyMin,readLatencyMax,readLatencyAverage,readLatencyStandardDeviation
Results\cap_perf.csv_min_sec.csv,1.4781951904296875e-05,0.48858189582824707,1.4781951904296875e-05,0.0002623736232206069,1.4781951904296875e-05,0.48858189582824707,0.000262420934003156,0.010927356775563456
Results\db_perf_10r.csv_min_sec.csv,8.821487426757812e-06,0.09558916091918945,8.821487426757812e-06,1.1424803733825684e-05,0.00013494491577148438,1.3054919242858887,0.010487818355077746,0.02285964204670013
Results\db_perf_10w.csv_min_sec.csv,1.0967254638671875e-05,0.06187582015991211,1.0967254638671875e-05,7.5739783209723396e-06,0.0007319450378417969,17.72925090789795,0.010112162177105557,0.31694251065481926
Results\db_perf_1r.csv_min_sec.csv,0.0015528202056884766,0.007616996765136719,0.0015528202056884766,0.00229910249710083,0.0008831024169921875,0.007616996765136719,0.002298762076067226,0.0005017912870469633
Results\db_perf_1w.csv_min_sec.csv,0.0,0.0,0.0,0.0,1.0999999997096666e-05,0.0015479999999996608,2.8497779123763205e-05,5.885505474746016e-05
Results\db_perf_1w.csv_original_min_sec.csv,0.0,0.0,0.0,0.0,1.0999999997096666e-05,0.0015479999999996608,2.8497779123763205e-05,5.885505474746016e-05
Results\db_perf_25w_25r.csv_min_sec.csv,0.0237729549407959,0.025664091110229492,0.0237729549407959,1.2162268161773682e-05,8.392333984375e-05,0.007244110107421875,0.00106501337855678,0.0015233342429517643
