Metric,value
Read Latency Min,0.0003509999987727497
Read Latency Max,0.003635000000940636
Read Latency Average,0.00042571178825231553
Read Latency Standard Deviation,8.899311470290243e-05
