messageID,publisherToBrokerTime,brokerToSubscriberTime
2272877330026250,0.002066,0.346506
2272877871431589,0.00199,0.421123
2272879750741547,0.007953,0.457938
2272870800098173,0.005134,0.435809
2272877808103616,0.005674,0.48041
2272878778248942,0.303788,0.300932
2272878778248930,0.278058,0.389884
2272878967474178,0.240021,0.370764
2272878431698483,0.338991,0.3068
2272879114824570,0.473892,0.279868
